日期,股票代码,开盘,收盘,最高,最低,成交量,成交额,振幅,涨跌幅,涨跌额,换手率
2024-01-02,300378,21.09,20.55,21.47,20.49,67710,141349986.0,4.62,-3.07,-0.65,2.53
2024-01-03,300378,20.55,20.42,20.72,20.15,55589,113969922.0,2.77,-0.63,-0.13,2.08
2024-01-04,300378,20.34,20.17,20.57,20.12,53822,109897458.0,2.2,-1.22,-0.25,2.01
2024-01-05,300378,20.14,19.77,20.33,19.61,53445,107374544.0,3.57,-1.98,-0.4,2.0
2024-01-08,300378,19.64,19.13,19.85,19.09,47476,92443348.0,3.84,-3.24,-0.64,1.77
2024-01-09,300378,19.44,19.21,19.63,19.03,62322,121167729.0,3.14,0.42,0.08,2.33
2024-01-10,300378,19.15,18.72,19.19,18.57,48257,91361950.0,3.23,-2.55,-0.49,1.8
2024-01-11,300378,18.8,19.39,19.58,18.74,60622,117344057.0,4.49,3.58,0.67,2.27
2024-01-12,300378,19.32,19.05,19.48,18.98,44124,85054612.0,2.58,-1.75,-0.34,1.65
2024-01-15,300378,18.97,18.9,19.14,18.68,39867,75800801.0,2.41,-0.79,-0.15,1.49
2024-01-16,300378,18.86,18.75,18.92,18.33,47066,87933902.0,3.12,-0.79,-0.15,1.76
2024-01-17,300378,18.84,18.24,18.93,18.24,45283,84628267.0,3.68,-2.72,-0.51,1.69
2024-01-18,300378,18.03,18.41,18.48,17.69,73415,133066452.0,4.33,0.93,0.17,2.74
2024-01-19,300378,18.39,18.07,18.57,18.04,59278,108803212.0,2.88,-1.85,-0.34,2.22
2024-01-22,300378,18.07,16.95,18.33,16.83,80520,142717473.0,8.3,-6.2,-1.12,3.01
2024-01-23,300378,17.07,17.25,17.42,16.69,66007,113761096.0,4.31,1.77,0.3,2.47
2024-01-24,300378,17.39,17.47,17.56,16.56,72807,125075272.0,5.8,1.28,0.22,2.72
2024-01-25,300378,17.47,18.56,18.67,17.19,135351,246903877.0,8.47,6.24,1.09,5.06
2024-01-26,300378,19.39,18.61,19.77,18.42,192780,369877799.0,7.27,0.27,0.05,7.2
2024-01-29,300378,18.37,17.35,18.54,17.34,129328,231624869.0,6.45,-6.77,-1.26,4.83
2024-01-30,300378,17.31,16.96,17.72,16.88,65194,113578056.0,4.84,-2.25,-0.39,2.44
2024-01-31,300378,17.03,15.8,17.03,15.78,83808,137145302.0,7.37,-6.84,-1.16,3.13
2024-02-01,300378,15.76,15.97,16.48,15.5,72626,117139586.0,6.2,1.08,0.17,2.71
2024-02-02,300378,16.04,15.08,16.38,14.28,93443,144020419.0,13.15,-5.57,-0.89,3.49
2024-02-05,300378,14.87,13.49,14.87,13.01,146459,203005696.0,12.33,-10.54,-1.59,5.47
2024-02-06,300378,13.09,14.55,15.04,12.6,141377,198987351.0,18.09,7.86,1.06,5.28
2024-02-07,300378,14.5,13.95,15.07,13.66,140488,203928626.0,9.69,-4.12,-0.6,5.25
2024-02-08,300378,14.12,15.4,15.47,14.06,128464,191059716.0,10.11,10.39,1.45,4.8
2024-02-19,300378,15.99,16.43,16.72,15.81,141251,231177667.0,5.91,6.69,1.03,5.28
2024-02-20,300378,16.39,16.53,16.67,16.12,89085,147453684.0,3.35,0.61,0.1,3.33
2024-02-21,300378,16.21,16.68,17.66,16.18,125230,213318670.0,8.95,0.91,0.15,4.68
2024-02-22,300378,16.89,17.26,17.27,16.8,109191,187887903.0,2.82,3.48,0.58,4.08
2024-02-23,300378,17.71,18.13,18.18,17.19,146883,262155078.0,5.74,5.04,0.87,5.49
2024-02-26,300378,18.08,18.44,18.83,17.9,164780,304422919.0,5.13,1.71,0.31,6.16
2024-02-27,300378,18.29,19.18,19.22,18.02,152959,287055383.0,6.51,4.01,0.74,5.72
2024-02-28,300378,19.19,17.28,19.45,17.25,198657,367197043.0,11.47,-9.91,-1.9,7.42
2024-02-29,300378,17.28,18.24,18.25,17.25,122376,220545984.0,5.79,5.56,0.96,4.57
2024-03-01,300378,18.45,19.1,19.23,18.45,140803,267732682.0,4.28,4.71,0.86,5.26
2024-03-04,300378,19.14,19.37,19.61,18.61,170985,329194290.0,5.24,1.41,0.27,6.39
2024-03-05,300378,19.08,18.62,19.14,18.39,157656,297695302.0,3.87,-3.87,-0.75,5.89
2024-03-06,300378,18.44,18.66,19.02,18.25,106695,199942343.0,4.14,0.21,0.04,3.99
2024-03-07,300378,18.91,18.57,19.77,18.57,185584,356953407.0,6.43,-0.48,-0.09,6.94
2024-03-08,300378,18.6,18.93,18.97,18.29,111141,208601313.0,3.66,1.94,0.36,4.15
2024-03-11,300378,18.72,19.25,19.26,18.39,110815,210336585.0,4.6,1.69,0.32,4.14
2024-03-12,300378,19.23,19.41,19.62,19.14,146785,285854396.0,2.49,0.83,0.16,5.49
2024-03-13,300378,19.58,20.89,21.66,19.45,349441,721198659.0,11.39,7.62,1.48,13.06
2024-03-14,300378,20.39,20.06,20.48,19.5,214126,431741239.0,4.69,-3.97,-0.83,8.0
2024-03-15,300378,19.95,19.97,20.04,19.42,129697,257304787.0,3.09,-0.45,-0.09,4.85
2024-03-18,300378,19.84,20.21,20.22,19.73,139495,280252878.0,2.45,1.2,0.24,5.21
2024-03-19,300378,20.09,19.82,20.28,19.76,109932,220332665.0,2.57,-1.93,-0.39,4.11
2024-03-20,300378,19.74,20.4,20.63,19.69,157568,320233984.0,4.74,2.93,0.58,5.89
2024-03-21,300378,20.6,20.64,21.04,20.2,142794,295087525.0,4.12,1.18,0.24,5.34
2024-03-22,300378,20.68,19.97,20.68,19.5,160555,321555227.0,5.72,-3.25,-0.67,6.0
2024-03-25,300378,19.86,19.44,20.46,19.44,124264,250452690.0,5.11,-2.65,-0.53,4.64
2024-03-26,300378,19.2,18.84,19.55,18.46,135260,257494425.0,5.61,-3.09,-0.6,5.05
2024-03-27,300378,18.79,17.57,18.97,17.57,102031,185907659.0,7.43,-6.74,-1.27,3.81
2024-03-28,300378,17.79,18.35,18.65,17.71,94664,174191739.0,5.35,4.44,0.78,3.54
2024-03-29,300378,18.29,18.24,18.45,17.86,65984,120171217.0,3.22,-0.6,-0.11,2.47
2024-04-01,300378,18.29,18.77,18.84,18.29,70334,131961538.0,3.02,2.91,0.53,2.63
2024-04-02,300378,18.7,18.05,18.74,17.81,90562,165502867.0,4.95,-3.84,-0.72,3.38
2024-04-03,300378,18.04,17.22,18.04,17.14,94427,165087254.0,4.99,-4.6,-0.83,3.53
2024-04-08,300378,17.28,16.85,17.28,16.77,57382,98139537.0,2.96,-2.15,-0.37,2.14
2024-04-09,300378,16.99,17.06,17.2,16.83,49909,85542290.0,2.2,1.25,0.21,1.87
2024-04-10,300378,17.1,16.58,17.16,16.4,64408,108111479.0,4.45,-2.81,-0.48,2.41
2024-04-11,300378,16.49,16.7,16.97,16.49,54637,92412172.0,2.9,0.72,0.12,2.04
2024-04-12,300378,16.79,16.53,17.0,16.48,54049,91026053.0,3.11,-1.02,-0.17,2.02
2024-04-15,300378,16.36,15.97,16.57,15.67,82742,134120990.0,5.44,-3.39,-0.56,3.09
2024-04-16,300378,15.89,14.96,15.92,14.89,93542,143668839.0,6.45,-6.32,-1.01,3.5
2024-04-17,300378,15.21,15.84,15.94,15.21,88267,139637471.0,4.88,5.88,0.88,3.3
2024-04-18,300378,15.89,16.1,16.47,15.64,80653,130771467.0,5.24,1.64,0.26,3.01
2024-04-19,300378,16.0,15.9,16.08,15.51,56548,90293148.0,3.54,-1.24,-0.2,2.11
2024-04-22,300378,15.75,15.98,16.23,15.63,51065,82178077.0,3.77,0.5,0.08,1.91
2024-04-23,300378,16.08,16.22,16.38,15.98,49962,81429567.0,2.5,1.5,0.24,1.87
2024-04-24,300378,16.21,16.66,16.68,16.21,58908,97857343.0,2.9,2.71,0.44,2.2
2024-04-25,300378,16.54,16.58,16.84,16.46,47055,78946518.0,2.28,-0.48,-0.08,1.76
2024-04-26,300378,16.58,17.01,17.17,16.49,67033,114217750.0,4.1,2.59,0.43,2.51
2024-04-29,300378,17.38,17.53,17.6,17.2,85230,149727793.0,2.35,3.06,0.52,3.18
2024-04-30,300378,17.56,17.5,17.69,17.22,63555,111690351.0,2.68,-0.17,-0.03,2.37
2024-05-06,300378,17.81,17.79,18.15,17.76,60873,109519046.0,2.23,1.66,0.29,2.27
2024-05-07,300378,17.81,17.78,18.07,17.59,48212,86440974.0,2.7,-0.06,-0.01,1.8
2024-05-08,300378,17.7,17.25,17.71,17.21,52772,92307069.0,2.81,-2.98,-0.53,1.97
2024-05-09,300378,17.26,17.42,17.54,17.26,41357,72464542.0,1.62,0.99,0.17,1.54
2024-05-10,300378,17.47,17.05,17.59,17.02,47974,82841419.0,3.27,-2.12,-0.37,1.79
2024-05-13,300378,17.3,17.87,18.38,16.65,156560,277967231.0,10.15,4.81,0.82,5.85
2024-05-14,300378,18.09,17.77,18.67,17.65,165746,302117484.0,5.71,-0.56,-0.1,6.19
2024-05-15,300378,17.58,17.29,17.7,17.27,86916,152329583.0,2.42,-2.7,-0.48,3.25
2024-05-16,300378,17.39,17.34,17.8,17.32,62197,109748310.0,2.78,0.29,0.05,2.32
2024-05-17,300378,17.32,17.57,17.69,17.19,48357,85038380.0,2.88,1.33,0.23,1.81
2024-05-20,300378,17.5,17.5,17.76,17.22,52034,91711593.0,3.07,-0.4,-0.07,1.94
2024-05-21,300378,17.47,17.62,17.73,17.33,55831,98573323.0,2.29,0.69,0.12,2.08
2024-05-22,300378,17.58,17.49,17.63,17.33,40778,71670848.0,1.7,-0.74,-0.13,1.52
2024-05-23,300378,17.5,17.11,17.59,16.99,49554,85854227.0,3.43,-2.17,-0.38,1.85
2024-05-24,300378,17.04,16.56,17.14,16.54,49034,82896677.0,3.51,-3.21,-0.55,1.83
2024-05-27,300378,16.63,16.94,16.94,16.32,40453,67598186.0,3.74,2.29,0.38,1.51
2024-05-28,300378,16.89,16.78,17.11,16.64,32139,54510936.0,2.77,-0.94,-0.16,1.2
2024-05-29,300378,16.79,16.75,17.06,16.72,29817,50689189.0,2.03,-0.18,-0.03,1.11
2024-05-30,300378,16.67,16.9,17.2,16.43,39607,66817073.0,4.6,0.9,0.15,1.48
2024-05-31,300378,16.93,17.42,17.5,16.89,55634,96318006.0,3.61,3.08,0.52,2.08
2024-06-03,300378,17.49,17.21,17.56,17.1,49789,86344771.0,2.64,-1.21,-0.21,1.86
2024-06-04,300378,17.21,16.62,17.3,16.33,80141,134046364.0,5.64,-3.43,-0.59,2.99
2024-06-05,300378,16.61,16.52,16.92,16.51,38355,64082324.0,2.47,-0.6,-0.1,1.43
2024-06-06,300378,16.6,15.78,16.82,15.68,76580,122725795.0,6.9,-4.48,-0.74,2.86
2024-06-07,300378,15.99,16.11,16.29,15.81,43431,69807777.0,3.04,2.09,0.33,1.62
2024-06-11,300378,16.05,16.59,16.59,15.75,48722,79320125.0,5.21,2.98,0.48,1.82
2024-06-12,300378,16.7,16.82,16.91,16.65,39280,66083952.0,1.57,1.39,0.23,1.47
2024-06-13,300378,16.69,16.9,17.1,16.69,37616,63701730.0,2.44,0.48,0.08,1.4
2024-06-14,300378,16.9,17.08,17.18,16.74,43627,74239162.0,2.6,1.07,0.18,1.63
2024-06-17,300378,17.0,17.11,17.3,16.95,42277,72445155.0,2.05,0.18,0.03,1.58
2024-06-18,300378,17.03,17.36,17.46,17.03,47833,82859462.0,2.51,1.46,0.25,1.79
2024-06-19,300378,17.4,17.24,17.53,17.14,39079,67609454.0,2.25,-0.69,-0.12,1.46
2024-06-20,300378,17.21,16.68,17.29,16.65,58419,99016226.0,3.71,-3.25,-0.56,2.18
2024-06-21,300378,16.67,16.69,16.84,16.37,36328,60357538.0,2.82,0.06,0.01,1.36
2024-06-24,300378,16.53,15.79,16.55,15.72,53702,86476213.0,4.97,-5.39,-0.9,2.01
2024-06-25,300378,15.78,15.58,15.95,15.34,49228,76747318.0,3.86,-1.33,-0.21,1.84
2024-06-26,300378,15.46,16.48,16.51,15.41,62097,99708342.0,7.06,5.78,0.9,2.32
2024-06-27,300378,16.47,16.41,16.74,16.35,59353,98109112.0,2.37,-0.42,-0.07,2.22
2024-06-28,300378,16.28,16.27,16.68,16.2,46068,75848007.0,2.93,-0.85,-0.14,1.72
2024-07-01,300378,16.16,16.44,16.55,15.85,41746,67423680.0,4.3,1.04,0.17,1.56
2024-07-02,300378,16.45,16.67,16.91,16.4,54091,90556671.0,3.1,1.4,0.23,2.02
2024-07-03,300378,16.57,15.96,16.64,15.91,54598,88123230.0,4.38,-4.26,-0.71,2.04
2024-07-04,300378,16.0,15.54,16.2,15.54,40160,63567527.0,4.14,-2.63,-0.42,1.5
2024-07-05,300378,15.57,15.82,15.99,15.35,40021,62777058.0,4.12,1.8,0.28,1.49
2024-07-08,300378,15.76,15.22,15.78,15.1,41524,63834437.0,4.3,-3.79,-0.6,1.55
2024-07-09,300378,15.17,15.36,15.47,14.53,85656,128300667.0,6.18,0.92,0.14,3.2
2024-07-10,300378,15.25,15.22,15.58,15.1,52572,80725343.0,3.13,-0.91,-0.14,1.96
2024-07-11,300378,15.67,15.76,15.81,15.45,55079,86343966.0,2.37,3.55,0.54,2.06
2024-07-12,300378,15.68,15.46,15.76,15.43,39600,61569148.0,2.09,-1.9,-0.3,1.48
2024-07-15,300378,15.43,15.11,15.44,14.99,35720,54170426.0,2.91,-2.26,-0.35,1.33
2024-07-16,300378,15.14,15.33,15.43,14.99,34982,53294831.0,2.91,1.46,0.22,1.31
2024-07-17,300378,15.26,15.06,15.45,15.01,34634,52567959.0,2.87,-1.76,-0.27,1.29
2024-07-18,300378,14.94,14.96,15.04,14.47,54689,80584967.0,3.78,-0.66,-0.1,2.04
2024-07-19,300378,15.07,15.23,15.4,14.92,44355,67449876.0,3.21,1.8,0.27,1.66
2024-07-22,300378,15.68,15.5,15.76,15.34,48966,75989814.0,2.76,1.77,0.27,1.83
2024-07-23,300378,15.41,15.02,15.57,15.0,38343,58681181.0,3.68,-3.1,-0.48,1.43
2024-07-24,300378,14.97,14.82,15.19,14.81,34635,51815820.0,2.53,-1.33,-0.2,1.29
2024-07-25,300378,14.65,14.82,15.07,14.65,29698,44086868.0,2.83,0.0,0.0,1.11
2024-07-26,300378,14.88,15.03,15.09,14.78,30402,45586076.0,2.09,1.42,0.21,1.14
2024-07-29,300378,15.18,15.15,15.26,14.85,39245,59179986.0,2.73,0.8,0.12,1.47
2024-07-30,300378,15.07,15.11,15.3,14.92,33504,50591665.0,2.51,-0.26,-0.04,1.25
2024-07-31,300378,15.16,16.15,16.22,15.06,79623,126079083.0,7.68,6.88,1.04,2.97
2024-08-01,300378,15.93,16.02,16.25,15.9,52818,84647825.0,2.17,-0.8,-0.13,1.97
2024-08-02,300378,15.91,15.49,16.08,15.46,44775,70544014.0,3.87,-3.31,-0.53,1.67
2024-08-05,300378,15.39,14.84,15.67,14.83,55757,84876992.0,5.42,-4.2,-0.65,2.08
2024-08-06,300378,15.1,15.2,15.26,14.94,39361,59527537.0,2.16,2.43,0.36,1.47
2024-08-07,300378,15.11,15.26,15.45,15.11,29755,45483236.0,2.24,0.39,0.06,1.11
2024-08-08,300378,15.16,15.29,15.47,14.86,46396,70412574.0,4.0,0.2,0.03,1.73
2024-08-09,300378,15.38,15.01,15.54,15.01,38182,58172330.0,3.47,-1.83,-0.28,1.43
2024-08-12,300378,15.41,15.84,16.09,15.34,151199,239111410.0,5.0,5.53,0.83,5.65
2024-08-13,300378,15.72,15.56,15.81,15.28,80019,123618493.0,3.35,-1.77,-0.28,2.99
2024-08-14,300378,15.56,15.73,15.9,15.52,68256,107362967.0,2.44,1.09,0.17,2.55
2024-08-15,300378,15.69,16.17,16.38,15.61,85373,137398692.0,4.9,2.8,0.44,3.19
2024-08-16,300378,16.1,16.28,16.42,16.1,75746,123307572.0,1.98,0.68,0.11,2.83
2024-08-19,300378,16.21,16.25,16.55,16.15,73536,119940378.0,2.46,-0.18,-0.03,2.75
2024-08-20,300378,16.22,15.96,16.28,15.87,55406,88641181.0,2.52,-1.78,-0.29,2.07
2024-08-21,300378,16.05,16.02,16.32,15.9,55635,89739717.0,2.63,0.38,0.06,2.08
2024-08-22,300378,16.14,15.96,16.38,15.88,69807,112591469.0,3.12,-0.37,-0.06,2.61
2024-08-23,300378,15.81,16.26,16.81,15.79,109983,179251680.0,6.39,1.88,0.3,4.11
2024-08-26,300378,16.21,16.11,16.3,15.98,68848,110954990.0,1.97,-0.92,-0.15,2.57
2024-08-27,300378,16.05,15.75,16.33,15.68,66097,105593138.0,4.03,-2.23,-0.36,2.47
2024-08-28,300378,15.51,15.79,15.88,15.33,57432,89579971.0,3.49,0.25,0.04,2.15
2024-08-29,300378,15.61,16.35,16.48,15.6,88099,142935151.0,5.57,3.55,0.56,3.29
2024-08-30,300378,16.39,16.62,16.92,16.26,100047,166742977.0,4.04,1.65,0.27,3.74
2024-09-02,300378,16.6,16.21,16.77,16.18,61856,101539301.0,3.55,-2.47,-0.41,2.31
2024-09-03,300378,16.49,16.67,16.7,16.33,74889,123895388.0,2.28,2.84,0.46,2.8
2024-09-04,300378,16.47,16.38,16.66,16.33,59425,97961030.0,1.98,-1.74,-0.29,2.22
2024-09-05,300378,16.33,16.64,16.72,16.33,52636,87178108.0,2.38,1.59,0.26,1.97
2024-09-06,300378,16.63,16.12,16.67,16.1,52697,86227284.0,3.43,-3.13,-0.52,1.97
2024-09-09,300378,15.96,16.09,16.28,15.79,43912,70492090.0,3.04,-0.19,-0.03,1.64
2024-09-10,300378,16.16,16.68,16.8,15.83,75727,124086152.0,6.03,3.67,0.59,2.83
2024-09-11,300378,16.66,16.55,16.7,16.4,44200,73154650.0,1.8,-0.78,-0.13,1.65
2024-09-12,300378,16.58,16.62,16.96,16.48,81142,135860072.0,2.9,0.42,0.07,3.03
2024-09-13,300378,16.6,16.33,16.75,16.29,55152,90886284.0,2.77,-1.74,-0.29,2.06
2024-09-18,300378,16.22,16.13,16.5,15.76,62309,100170778.0,4.53,-1.22,-0.2,2.33
2024-09-19,300378,16.15,16.62,16.71,15.96,66988,110062071.0,4.65,3.04,0.49,2.5
2024-09-20,300378,16.63,17.33,17.96,16.55,159213,273093447.0,8.48,4.27,0.71,5.95
2024-09-23,300378,17.48,17.44,17.66,17.21,137516,239632931.0,2.6,0.63,0.11,5.14
2024-09-24,300378,17.35,17.6,17.66,16.9,153700,266667095.0,4.36,0.92,0.16,5.74
2024-09-25,300378,17.61,17.55,18.1,17.51,158153,281107440.0,3.35,-0.28,-0.05,5.91
2024-09-26,300378,17.41,17.9,17.91,17.29,122136,215333335.0,3.53,1.99,0.35,4.56
2024-09-27,300378,18.21,19.1,19.35,18.06,203253,379294821.0,7.21,6.7,1.2,7.54
2024-09-30,300378,19.94,22.68,22.68,19.81,299811,633785764.0,15.03,18.74,3.58,11.12
2024-10-08,300378,27.18,27.21,27.22,24.0,402834,1049414163.0,14.2,19.97,4.53,14.94
2024-10-09,300378,25.5,24.14,26.13,23.04,328027,814859625.0,11.36,-11.28,-3.07,12.17
2024-10-10,300378,24.3,23.33,24.97,23.33,197967,475428829.0,6.79,-3.36,-0.81,7.34
2024-10-11,300378,22.94,21.85,23.05,21.18,209087,459007906.0,8.02,-6.34,-1.48,7.76
2024-10-14,300378,21.86,22.84,22.92,21.3,174808,387211647.0,7.41,4.53,0.99,6.48
2024-10-15,300378,22.6,22.02,23.4,22.0,176949,402083588.0,6.13,-3.59,-0.82,6.56
2024-10-16,300378,21.44,21.81,22.19,21.3,116733,253910994.0,4.04,-0.95,-0.21,4.33
2024-10-17,300378,22.09,22.35,23.01,22.09,174624,394009904.0,4.22,2.48,0.54,6.48
2024-10-18,300378,22.37,23.27,24.17,21.94,224996,517115481.0,9.98,4.12,0.92,8.35
2024-10-21,300378,23.58,23.94,24.45,23.28,233518,559817487.0,5.03,2.88,0.67,8.66
2024-10-22,300378,24.0,25.04,25.8,23.73,335665,833388965.0,8.65,4.59,1.1,12.45
2024-10-23,300378,24.81,24.34,24.99,24.0,230803,563209332.0,3.95,-2.8,-0.7,8.56
2024-10-24,300378,23.9,23.96,24.0,23.11,170329,400738355.0,3.66,-1.56,-0.38,6.32
2024-10-25,300378,23.98,24.18,24.27,23.55,148074,354429880.0,3.01,0.92,0.22,5.49
2024-10-28,300378,24.59,24.51,25.1,24.14,169575,417661748.0,3.97,1.36,0.33,6.29
2024-10-29,300378,24.58,23.65,24.58,23.65,156992,378705730.0,3.79,-3.51,-0.86,5.82
2024-10-30,300378,23.5,24.09,24.4,23.42,140528,336343158.0,4.14,1.86,0.44,5.21
2024-10-31,300378,23.98,23.88,24.32,23.3,159826,382028616.0,4.23,-0.87,-0.21,5.93
2024-11-01,300378,23.88,22.27,24.29,22.26,178098,409192501.0,8.5,-6.74,-1.61,6.61
2024-11-04,300378,22.55,23.1,23.2,22.52,94900,217856771.0,3.05,3.73,0.83,3.52
2024-11-05,300378,23.1,25.31,26.26,22.91,285428,713218357.0,14.5,9.57,2.21,10.59
2024-11-06,300378,25.42,24.9,25.89,24.59,217988,549095577.0,5.14,-1.62,-0.41,8.09
2024-11-07,300378,24.75,25.44,25.49,24.6,170834,429382339.0,3.57,2.17,0.54,6.34
2024-11-08,300378,25.88,25.35,26.43,25.25,213892,553486948.0,4.64,-0.35,-0.09,7.93
2024-11-11,300378,25.19,26.29,26.56,25.05,219603,574673541.0,5.96,3.71,0.94,8.15
2024-11-12,300378,26.4,25.79,26.84,25.35,192325,503054279.0,5.67,-1.9,-0.5,7.13
2024-11-13,300378,25.7,26.3,27.55,25.5,258938,685041900.0,7.95,1.98,0.51,9.6
2024-11-14,300378,26.41,26.4,27.8,25.8,335654,903795417.0,7.6,0.38,0.1,12.45
2024-11-15,300378,28.0,26.93,29.0,26.88,458652,1278749417.0,8.03,2.01,0.53,17.01
2024-11-18,300378,28.1,24.7,28.97,24.49,489145,1347951145.0,16.64,-8.28,-2.23,18.14
2024-11-19,300378,24.3,26.75,26.75,24.3,407437,1041420415.0,9.92,8.3,2.05,15.11
2024-11-20,300378,26.64,30.57,31.88,26.46,612569,1817263775.0,20.26,14.28,3.82,22.72
2024-11-21,300378,29.78,28.68,30.25,28.44,455169,1334151903.0,5.92,-6.18,-1.89,16.88
2024-11-22,300378,29.54,28.68,31.5,28.6,501047,1499509965.0,10.11,0.0,0.0,18.58
2024-11-25,300378,31.0,30.58,31.36,28.6,471188,1406078896.0,9.62,6.62,1.9,17.48
2024-11-26,300378,29.5,27.35,30.1,27.0,383186,1090507703.0,10.14,-10.56,-3.23,14.21
2024-11-27,300378,27.0,28.03,28.22,26.19,312752,852021201.0,7.42,2.49,0.68,11.6
2024-11-28,300378,27.85,26.29,28.6,26.0,339626,923813515.0,9.28,-6.21,-1.74,12.6
2024-11-29,300378,26.29,27.17,27.55,25.68,283274,755711387.0,7.11,3.35,0.88,10.51
2024-12-02,300378,27.17,29.32,30.98,27.0,412011,1195348869.0,14.65,7.91,2.15,15.28
2024-12-03,300378,28.91,28.63,29.29,27.95,271142,776254012.0,4.57,-2.35,-0.69,10.06
2024-12-04,300378,29.0,27.79,29.48,27.55,222675,631451719.0,6.74,-2.93,-0.84,8.26
2024-12-05,300378,28.27,29.87,30.58,28.2,408498,1215557896.0,8.56,7.48,2.08,15.15
2024-12-06,300378,30.5,30.2,31.0,29.76,346209,1054250020.0,4.15,1.1,0.33,12.84
2024-12-09,300378,31.25,31.26,33.46,30.7,378956,1208608742.0,9.14,3.51,1.06,14.06
2024-12-10,300378,32.16,31.38,33.18,30.71,428620,1374367244.0,7.9,0.38,0.12,15.9
2024-12-11,300378,30.88,31.33,32.0,29.95,311119,965749245.0,6.53,-0.16,-0.05,11.54
2024-12-12,300378,31.2,30.45,32.3,29.87,253511,774921439.0,7.76,-2.81,-0.88,9.4
2024-12-13,300378,30.07,29.88,31.33,29.88,255777,784512659.0,4.76,-1.87,-0.57,9.49
2024-12-16,300378,29.69,29.56,30.5,28.7,227608,671607804.0,6.02,-1.07,-0.32,8.44
2024-12-17,300378,29.64,28.17,29.64,27.99,202786,577946021.0,5.58,-4.7,-1.39,7.52
2024-12-18,300378,28.31,29.26,29.85,27.46,227166,656217599.0,8.48,3.87,1.09,8.43
2024-12-19,300378,28.61,29.31,29.65,28.61,163925,479377801.0,3.55,0.17,0.05,6.08
2024-12-20,300378,29.02,29.89,30.28,28.61,177671,527465291.0,5.7,1.98,0.58,6.59
2024-12-23,300378,30.0,27.61,30.27,27.6,191802,548199898.0,8.93,-7.63,-2.28,7.11
2024-12-24,300378,27.92,27.45,27.99,26.65,152764,415034060.0,4.85,-0.58,-0.16,5.67
2024-12-25,300378,27.45,26.91,27.68,26.29,138738,371687924.0,5.06,-1.97,-0.54,5.15
2024-12-26,300378,27.2,26.91,27.6,26.91,116270,317371293.0,2.56,0.0,0.0,4.31
2024-12-27,300378,26.95,27.28,28.49,26.91,159750,443107572.0,5.87,1.37,0.37,5.93
2024-12-30,300378,27.35,27.56,28.39,26.5,127069,350816727.0,6.93,1.03,0.28,4.71
2024-12-31,300378,27.67,25.87,27.74,25.87,137372,366567739.0,6.79,-6.13,-1.69,5.1
2025-01-02,300378,26.2,24.72,26.27,24.28,146877,370134190.0,7.69,-4.45,-1.15,5.45
2025-01-03,300378,24.82,23.03,24.99,22.92,147588,350817341.0,8.37,-6.84,-1.69,5.47
2025-01-06,300378,23.07,22.76,23.49,22.5,99532,228356969.0,4.3,-1.17,-0.27,3.69
2025-01-07,300378,22.91,23.66,23.75,22.63,113611,264679607.0,4.92,3.95,0.9,4.21
2025-01-08,300378,23.35,23.88,24.0,22.62,125845,294057098.0,5.83,0.93,0.22,4.67
2025-01-09,300378,23.61,23.98,24.4,23.61,110375,266149585.0,3.31,0.42,0.1,4.09
2025-01-10,300378,23.94,23.22,24.31,23.2,103153,245264017.0,4.63,-3.17,-0.76,3.83
2025-01-13,300378,22.8,23.12,23.5,22.35,78992,181656958.0,4.95,-0.43,-0.1,2.93
2025-01-14,300378,23.31,25.04,25.04,23.11,141055,343362280.0,8.35,8.3,1.92,5.23
2025-01-15,300378,25.06,24.71,25.24,24.66,98628,245668224.0,2.32,-1.32,-0.33,3.66
2025-01-16,300378,25.08,24.5,25.4,24.38,100261,248860675.0,4.13,-0.85,-0.21,3.72
2025-01-17,300378,24.42,24.48,24.75,24.22,67558,165365937.0,2.16,-0.08,-0.02,2.51
2025-01-20,300378,24.7,24.53,24.96,24.33,85182,209933444.0,2.57,0.2,0.05,3.16
2025-01-21,300378,24.7,25.38,25.4,24.46,133269,333289498.0,3.83,3.47,0.85,4.94
2025-01-22,300378,25.15,25.0,25.66,24.78,104629,263148295.0,3.47,-1.5,-0.38,3.88
2025-01-23,300378,25.45,26.8,27.23,25.13,274659,732826612.0,8.4,7.2,1.8,10.19
2025-01-24,300378,27.15,32.16,32.16,27.12,560113,1697274447.0,18.81,20.0,5.36,20.77
2025-01-27,300378,34.48,32.92,34.99,31.77,674361,2238537333.0,10.01,2.36,0.76,25.01
2025-02-05,300378,35.05,35.03,36.87,33.78,576925,2028874127.0,9.39,6.41,2.11,21.4
2025-02-06,300378,34.21,36.66,37.3,33.53,494030,1747452515.0,10.76,4.65,1.63,18.32
2025-02-07,300378,35.82,36.08,37.28,34.6,473835,1694104287.0,7.31,-1.58,-0.58,17.57
2025-02-10,300378,36.6,36.78,37.23,35.59,348082,1268380621.0,4.55,1.94,0.7,12.91
2025-02-11,300378,35.86,41.68,44.14,35.7,541670,2166360464.0,22.95,13.32,4.9,20.09
2025-02-12,300378,41.34,43.42,44.53,41.12,415331,1781817742.0,8.18,4.17,1.74,15.4
2025-02-13,300378,44.51,41.56,44.51,40.8,374280,1575826000.0,8.54,-4.28,-1.86,13.88
2025-02-14,300378,41.26,43.32,45.66,40.1,485282,2083496764.0,13.38,4.23,1.76,18.0
2025-02-17,300378,44.73,43.81,45.8,42.05,360938,1581193811.0,8.66,1.13,0.49,13.39
2025-02-18,300378,42.7,40.81,44.5,40.5,325662,1362728478.0,9.13,-6.85,-3.0,12.08
2025-02-19,300378,41.43,41.6,41.97,40.5,243265,1007790794.0,3.6,1.94,0.79,9.02
2025-02-20,300378,41.41,40.31,41.94,39.66,269959,1097679685.0,5.48,-3.1,-1.29,10.01
2025-02-21,300378,40.85,41.15,41.5,39.4,304972,1235810882.0,5.21,2.08,0.84,11.31
2025-02-24,300378,40.74,39.84,40.96,39.31,216774,867692782.0,4.01,-3.18,-1.31,8.04
2025-02-25,300378,38.86,38.65,39.48,38.0,194443,755402950.0,3.71,-2.99,-1.19,7.21
2025-02-26,300378,38.8,39.02,39.3,37.82,181666,702781993.0,3.83,0.96,0.37,6.74
2025-02-27,300378,38.79,36.76,39.5,35.98,242590,907540423.0,9.02,-5.79,-2.26,9.0
2025-02-28,300378,36.5,34.06,36.98,33.97,180136,634059533.0,8.19,-7.34,-2.7,6.68
2025-03-03,300378,38.25,36.22,39.06,35.88,354421,1320436785.0,9.34,6.34,2.16,13.15
2025-03-04,300378,34.68,36.96,37.8,34.68,248332,912045802.0,8.61,2.04,0.74,9.21
2025-03-05,300378,36.36,37.15,37.6,35.93,190894,700617147.0,4.52,0.51,0.19,7.08
2025-03-06,300378,41.82,44.58,44.58,40.5,464380,1982204712.0,10.98,20.0,7.43,17.22
2025-03-07,300378,45.5,42.93,48.56,41.81,691724,3168525023.0,15.14,-3.7,-1.65,25.66
2025-03-10,300378,42.0,39.62,42.49,39.26,354796,1425218932.0,7.52,-7.71,-3.31,13.16
2025-03-11,300378,38.81,39.37,39.86,38.76,196151,769333373.0,2.78,-0.63,-0.25,7.28
2025-03-12,300378,40.24,39.57,40.88,39.52,240173,963247300.0,3.45,0.51,0.2,8.91
2025-03-13,300378,39.45,38.38,39.45,37.3,231632,884643383.0,5.43,-3.01,-1.19,8.59
2025-03-14,300378,38.11,38.36,38.78,37.43,150928,576445400.34,3.52,-0.05,-0.02,5.6
